{
    "test_loss": 0.8290494084358215,
    "WA": 0.6784850926672039,
    "UA": 0.6931654873487857,
    "roc_auc": 0.8860391201880354,
    "pr_auc": 0.7495340103851315,
    "pre_rec_f1_macro": [
        0.6891018031584015,
        0.6931654873487857,
        0.6819834175009025,
        null
    ],
    "pre_rec_f1_micro": [
        0.6784850926672039,
        0.6784850926672039,
        0.6784850926672039,
        null
    ]
}