{
    "test_loss": 0.8581783175468445,
    "WA": 0.6962127316680097,
    "UA": 0.7015526883830455,
    "roc_auc": 0.8909457330715627,
    "pr_auc": 0.7839279691955157,
    "pre_rec_f1_macro": [
        0.7048220504570206,
        0.7015526883830455,
        0.6985562189225507,
        null
    ],
    "pre_rec_f1_micro": [
        0.6962127316680097,
        0.6962127316680097,
        0.6962127316680097,
        null
    ]
}