{
    "test_loss": 1.2650461196899414,
    "WA": 0.628525382755842,
    "UA": 0.6324164040616246,
    "roc_auc": 0.826257564142103,
    "pr_auc": 0.663358690682021,
    "pre_rec_f1_macro": [
        0.6364257045396475,
        0.6324164040616246,
        0.6260321085414875,
        null
    ],
    "pre_rec_f1_micro": [
        0.628525382755842,
        0.628525382755842,
        0.628525382755842,
        null
    ]
}