{
    "test_loss": 0.048943839967250824,
    "r2": 0.347880250913351,
    "val_rv": 0.3414775940407726,
    "val_ra": 0.3542829077859294
}