{
    "test_loss": 0.043636806309223175,
    "r2": 0.3760813183445146,
    "val_rv": 0.4429056632492757,
    "val_ra": 0.30925697343975345
}