{
    "test_loss": 0.05505027994513512,
    "r2": 0.2779376122376918,
    "val_rv": 0.25125277738772245,
    "val_ra": 0.3046224470876612
}