{
    "test_loss": 0.03447694703936577,
    "r2": 0.5731830043016699,
    "val_rv": 0.5709230289336217,
    "val_ra": 0.5754429796697182
}