{
    "test_loss": 0.39880937337875366,
    "WA": 0.6107977437550363,
    "UA": 0.6104864782451442,
    "roc_auc": 0.8401039309531941,
    "pr_auc": 0.6733047533729598,
    "pre_rec_f1_macro": [
        0.6027056349923613,
        0.6104864782451442,
        0.6024399284091638,
        null
    ],
    "pre_rec_f1_micro": [
        0.6107977437550363,
        0.6107977437550363,
        0.6107977437550363,
        null
    ]
}