{
    "test_loss": 0.05074961110949516,
    "r2": 0.3360385393754934,
    "val_rv": 0.30855220695769436,
    "val_ra": 0.3635248717932924
}