{
    "test_loss": 1.0984605550765991,
    "WA": 0.6059629331184528,
    "UA": 0.6147436979599532,
    "roc_auc": 0.8363463077056388,
    "pr_auc": 0.6655249240002188,
    "pre_rec_f1_macro": [
        0.6133342190832716,
        0.6147436979599532,
        0.5962770331990171,
        null
    ],
    "pre_rec_f1_micro": [
        0.6059629331184528,
        0.6059629331184528,
        0.6059629331184528,
        null
    ]
}