{
    "test_loss": 1.0846754312515259,
    "WA": 0.5802469135802469,
    "UA": 0.5672225846818238,
    "roc_auc": 0.9082018513113407,
    "pr_auc": 0.6604059055277094,
    "pre_rec_f1_macro": [
        0.7041302627223611,
        0.5672225846818238,
        0.5464988011766303,
        null
    ],
    "pre_rec_f1_micro": [
        0.5802469135802469,
        0.5802469135802469,
        0.5802469135802469,
        null
    ]
}