{
    "test_loss": 0.048273466527462006,
    "r2": 0.3558227031085209,
    "val_rv": 0.3511961651191504,
    "val_ra": 0.36044924109789134
}